,Team Name,Home,Draw,Away,Result:HT,Result:FT,Result,RedCard?,timestamp,League
,Renate,1.59,4.06,4.42,0_1,1_1,3,0,12/30/99 5:00 PM,Int Club Friendly
,Univ Craiova,1.49,3.79,6.15,1_0,2_1,1,1 Away Red,12/30/99 6:30 PM,Romania Liga1
,Serbia U17,2.06,3.39,3.14,1_0,1_2,2,2,12/30/99 6:30 PM,U17 Friendly
,Hungary U17,2.27,3.4,2.73,0_2,0_2,2,0,12/30/99 6:30 PM,U17 Friendly
,MSK Zilina B,1.74,3.53,4.14,1_0,4_2,1,0,12/30/99 6:00 PM,
,Flora Tallinn,2.45,3.32,2.56,2_1,6_1,1,0,12/30/99 7:00 PM,Estonial Premium Liiga
,Atlantis,1.76,3.62,3.93,0_0,3_0,1,0,12/30/99 8:00 PM,Finland Kakkonen Lansi
,Rigas Futbola Skola,1.54,3.75,5.4,1_0,3_0,1,1 Away Red,12/30/99 9:00 PM,Latvia - Virsliga
,Pogon Szczecin,2.31,3.03,2.97,0_2,0_2,2,0,12/30/99 10:00 PM,Poland Ekstraklasa
,Rubio NU,1.71,3.57,4.29,4_0,5_1,1,0,12/30/99 1:00 AM,Paraguay Clausura
,Salguiro PE,2.31,2.97,3.03,1_0,1_0,1,0,12/30/99 1:06 AM,Brazilian Serie C
,PK-35,2.82,3.14,2.46,0_0,1_1,3,0,12/30/99 6:30 PM,Finland Veikkausliiga
,FC Santa Claus,3.17,4.14,1.84,1_2,1_3,2,0,12/30/99 6:30 PM,Finland Kakkonen Pohjoinen
,Atlantas KL,3.15,3.36,2.06,0_0,0_1,2,1 Away Red,12/30/99 6:30 PM,Lithuania A LIGA
,Hodd,2.15,3.07,2.66,1_0,1_0,1,,12/30/99 8:00 PM,Norway 1st Division
,Dunajska Streda,2.41,3.03,2.82,0_0,0_1,2,,12/30/99 8:00 PM,Slovakia Superliga
,Orgryte IS,1.62,3.96,4.79,1_1,3_3,3,,12/30/99 8:00 PM,Sweden Superettan
,Unterhaching,1.26,5.15,9.02,0_0,2_0,1,,12/30/99 8:00 PM,Germany Amateur
,Illertissen,2.1,3.48,2.97,3_0,3_0,1,,12/30/99 8:00 PM,Germany Amateur
,Ingolstadt II,2.61,3.33,2.4,0_2,1_5,2,,12/30/99 8:00 PM,Germany Amateur
,Seligenporten,3.01,3.32,2.14,0_2,1_6,2,,12/30/99 8:00 PM,Germany Amateur
,Burghausen,2.02,3.42,3.21,0_2,2_2,3,1.Home Red Card,12/30/99 8:00 PM,Germany Amateur
,Valerenga IF,1.2,6.12,9.44,2_0,5_2,1,1.Home Red Card,12/30/99 8:00 PM,Norway 2nd Divison
,Apoel Nicosia,2.35,3.32,3,0_0,3_0,1,,12/30/99 8:00 PM,UEFA Champions League Q
,Dinamo Tbilisi ,3.31,3.31,2.19,0_1,0_1,2,,12/30/99 8:00 PM,UEFA Champions League Q
,Vimmerby IF,4.66,4.14,1.55,0_1,0_4,2,,12/30/99 8:00 PM,"Sweden Svenska Cup, Preliminary Round"
,Chester,2.51,3.59,2.36,1_0,1_2,2,,12/30/99 9:00 PM,Int Club Friendly
,Bromley,4.34,3.88,1.63,0_2,1_2,2,,12/30/99 9:00 PM,Int Club Friendly
,Antequera CF,2.78,3.24,2.32,1_1,2_1,1,,12/30/99 9:00 PM,Int Club Friendly
,FC Vilafranca,3.31,3.46,1.96,0_0,0_0,3,,12/30/99 9:00 PM,Int Club Friendly
,Hapoel t Aviv,1.7,3.29,4.83,0_0,0_0,3,2.Both Red carded,12/30/99 9:00 PM,"Isreal League Cup, Premier"
,Sudtirol,7.91,6.38,1.22,0_2,0_4,2,,12/30/99 6:00 PM,Int Club Friendly
,Vaajakoski,2.57,3.49,2.36,1_1,1_2,2,,12/30/99 7:00 PM,
,Spyris Kaunas,4.58,4.02,1.58,0_1,0_1,2,,12/30/99 7:00 PM,
,Chievo,1.45,4.29,5.69,1_0,2_0,1,,12/30/99 7:00 PM,
,IRAQ,3.23,3.07,2.15,0_0,0_0,3,,12/30/99 7:00 PM,
,Stafford,1.8,3.81,3.55,1_0,4_1,1,,12/30/99 9:45 PM,Int Club Friendly
,Hyde UTD,2.31,3.6,2.57,1_0,2_0,1,,12/30/99 9:45 PM,Int Club Friendly
,Cork City,3.19,3.14,2.34,0_2,1_2,2,,12/30/99 9:45 PM,UEFA EUROPA League Q
,West Ham,1.3,5.18,10.14,2_0,3_0,1,,12/30/99 9:45 PM,UEFA EUROPA League Q
,Al Ahly Cairo,1.6,3.45,5.41,0_1,2_1,1,,12/30/99 9:30 PM,Egypt Cup
,Hadjuk Split,1.66,3.7,5.31,1_1,3_1,1,,12/30/99 9:30 PM,UEFA EUROPA League Q
,Sassuolo,1.66,3.9,5.02,2_0,3_0,1,1 Away Red,12/30/99 9:30 PM,UEFA EUROPA League Q
,Cesena,1.19,5.65,11.82,2_1,1_1,3,,12/30/99 9:30 PM,Int Club Friendly
,RB Leipzig,2.35,3.27,2.71,0_0,0_0,3,,12/30/99 7:30 PM,Int Club Friendly
,FC Krasnodar,1.03,8.3,14.99,3_0,3_1,1,,12/30/99 7:30 PM,UEFA EUROPA League Q
,Spartak Moscow,1.33,4.98,9.54,0_0,0_1,2,,12/30/99 7:30 PM,UEFA EUROPA League Q
,Spartak Trnava,4.23,3.54,1.85,0_0,0_1,2,,12/30/99 7:30 PM,UEFA EUROPA League Q
,Guanghou Evergrande,1.42,4.17,6.35,0_0,0_0,3,,12/30/99 2:35 PM,China Super League
,Forest Green,1.84,3.38,3.84,1_0,1_1,3,,,England National League
,Guiseley,3.5,3.3,1.96,1_1,2_3,2,,,England National League
,Southport,3.14,3.24,2.11,0_1,0_3,2,,,England National League
,Dover,1.69,3.38,4.71,1_0,1_4,2,1 Home Red Card,,England National League
,Aldershot,2.2,3.12,3.07,0_0,1_0,1,,,England National League
,Solihull Moors,2.15,3.43,2.92,0_1,2_2,3,,,England National League
,Lincorn,2.15,3.43,2.92,4_1,6_1,1,1 Away Red,,England National League
,Tranmere,1.63,3.57,4.8,1_0,2_0,1,,,England National League
,York City,2.25,3.07,3.02,0_0,1_0,1,,,England National League
,Chester,2.89,3.2,2.27,2_0,3_0,1,,,England National League
,Braintree,2.97,3.03,2.31,0_0,1_1,3,,,England National League
,Torquay,2.01,3.25,3.4,1_0,1_0,1,,,England National League
,Leyton Orient,3.24,3.29,2.14,0_1,2_3,2,,,England League Cup
,Ipswich,1.5,4.04,5.96,0_0,0_1,2,,,England League Cup
,Exeter,3.28,3.39,2.08,0_0,0_0,3,,,England League Cup
,Scunthorpe,1.72,3.59,4.58,0_0,0_0,3,,,England League Cup
,Mansfield,3.49,3.33,2.03,0_1,1_3,2,,,England League Cup
,Rochdale,2,3.37,3.53,0_1,3_1,1,,,England League Cup
,Brighton,1.41,4.45,6.8,0_0,4_0,1,,,England League Cup
,Oldham,3.49,3.18,2.09,1_1,2_1,1,,,England League Cup
,Wolves,1.38,4.5,7.67,1_1,2_1,1,,,England League Cup
,Peterborough,2.14,3.49,3.07,0_1,3_1,1,,,England League Cup
,Derby,1.35,4.63,8.06,0_0,1_0,1,,,England League Cup
,Blackpool,3.31,3.31,2.1,0_1,2_2,3,,,England League Cup
,Cambridge,3.85,3.33,1.92,0_0,1_1,3,,,England League Cup
,Birmingham,1.88,3.44,3.91,0_0,0_0,3,,,England League Cup
,Shrewsbury,3.71,3.4,1.94,1_1,2_1,1,,,England League Cup
,Southend,2.62,3.25,2.57,1_0,1_3,2,,,England League Cup
,Barnsley,1.87,3.49,3.85,1_0,1_1,3,,,England League Cup
,Coventry,2.56,3.19,2.66,0_1,2_2,3,,,England League Cup
,Preston,1.42,4.26,7.1,0_0,1_0,1,,,England League Cup
,Oldham,3.49,3.18,2.09,1_1,2_1,1,1 Away Red,,England League Cup
,Walsall,1.72,3.43,4.84,0_0,0_0,3,,,England League Cup
,Accrington,3.61,3.19,2.04,0_0,0_0,3,Home Red,,England League Cup
,Real Madrid,1.95,3.38,3.43,1_1,2_2,3,1 Away Red,,Super Cup
,Cadiz CF,1.64,3.63,4.7,2_1,2_2,3,,,Int Club Friendly
,Germany w,1.66,3.72,4.4,1_1,1_2,2,,,Olympic Competition
,Australia Women,1.05,9.74,24.6,3_0,6_1,1,,,Olympic Competition
,Kidderminster,1.63,3.72,4.59,0_1,1_2,2,,,National League North England
,Halifax,1.6,3.72,4.59,1_1,2_2,3,,,National League North England
,Tamworth,1.9,3.39,3.59,0_0,1_0,1,,,National League North England
,Alfreton,1.86,3.3,3.77,3_0,4_0,1,1 Away Red,,National League North England
,UTD of Machester,2.47,3.35,2.52,0_0,0_0,3,,,National League North England
,Harrogate,1.9,3.44,3.54,1_0,2_0,1,,,National League North England
,Stalybridge,2.92,3.18,2.26,0_1,0_3,2,,,National League North England
,Hampton and Richmod,2.27,3.35,2.78,2_1,3_1,1,,,National League South England
,Gosport,3.49,3.49,1.9,1_0,3_1,1,,,National League South England
,Hemel Hempstead,1.49,4.14,5.95,1_1,1_1,3,,,National League South England
,Poole Town,3.57,3.52,1.86,1_0,1_0,1,,,National League South England
,Bath City,2.15,3.33,2.98,0_2,1_2,2,,,National League South England
,Concord,4.79,3.87,1.58,0_1,0_1,2,,,National League South England
,Welling,1.47,4.01,5.84,0_2,1_2,2,,,National League South England
,Hayes and Yeading,2.01,3.81,2.94,1_0,2_0,1,,,Southern Football League
,St Neots Town,2.67,3.65,2.21,3_0,5_2,1,,,Southern Football League
,Weymouth,1.81,3.82,3.51,0_3,1_4,2,,,Southern Football League
,Stratford Town,2.92,3.69,2.05,1_3,2_4,2,,,Southern Football League
,Banbury United,1.81,3.82,3.51,0_0,1_0,1,,,Southern Football League
,Kings Langley,2.31,3.6,2.57,0_1,0_1,2,,,Southern Football League
,Cirencester Town,2.1,3.64,2.87,0_2,1_4,2,,,Southern Football League
,Cinderford Town,3.6,4.01,1.75,1_0,4_0,1,,,Southern Football League
,Chesham UTD,2.01,3.66,3.04,1_0,2_0,1,,,Southern Football League
,Kettering Town,2.1,3.64,2.87,0_1,0_2,2,,,Southern Football League
,Hibernian,1.39,4.32,6.69,1_0,1_3,2,,,Scotland League Cup
,Rangers FC,1.14,6.62,13.76,2_0,5_0,1,,,Scotland League Cup
,Dundee UTD,2.36,3.23,2.72,3_0,3_1,1,,,Scotland League Cup
,Hamilton,1.68,3.62,4.34,1_0,1_2,2,,,Scotland League Cup
,Latin,12.58,5.41,1.2,0_1,0_1,2,,12/30/99 9:00 PM,Int Club Friendly
,Arandina CF,2.05,3.54,3.03,0_0,0_0,3,,12/30/99 9:00 PM,Int Club Friendly
,Perez Zeledon,1.5,3.88,5.69,0_0,2_0,1,,12/30/99 9:00 PM,Costa Rica Primera Division Campeonato
,FC Graesrodderne,12.89,7.19,1.12,0_0,1_2,2,,12/30/99 9:00 PM,Denmark DBU Pokalen
,Maccabi Tel Aviv,1.43,4.13,6.37,1_0,3_0,1,1 Home Red Card,12/30/99 9:00 PM,"Isreal League Cup, Premier"
,Chojnice,1.84,3.38,3.84,1_0,2_0,1,,12/30/99 9:00 PM,Poland Puchar Polski
,FK Napredak,2.84,2.99,2.42,0_0,0_0,3,Away Red,12/30/99 9:00 PM,Serbia Superliga
,Cukaricki,1.33,3.85,10.26,0_0,1_0,1,,12/30/99 9:00 PM,Serbia Superliga
,Metalac,2.24,3.01,3.11,0_0,2_0,1,,12/30/99 9:00 PM,Serbia Superliga
,Borac Cacak,3.7,3.03,2,0_0,0_0,3,,12/30/99 9:00 PM,Serbia Superliga
,Lindsdals IF,1.8,4.11,3.34,1_0,2_0,1,,12/30/99 9:00 PM,Sweden Divison 2
,Fram Reykjavik,1.75,3.61,3.97,0_0,2_0,1,,12/30/99 11:00 PM,Iceland 1 Deild
,Burton,2.15,3.15,3.36,1_0,1_1,3,,12/30/99 9:30 PM,England League Cup
,Numancia,2.98,3.33,2.15,1_0,1_1,3,,12/30/99 9:30 PM,Int Club Friendly
,Zamora,2.72,3.34,2.31,0_1,0_3,2,,12/30/99 9:30 PM,Int Club Friendly
,Barcelona,1.09,7.93,16.62,3_1,3_2,1,,12/30/99 9:30 PM,Int Club Friendly
,Gornik Zabrze,4.2,3.48,1.74,0_2,2_2,3,,12/30/99 9:30 PM,Poland Puchar Polski
,Concordia Chiajna,3.7,3.14,1.96,1_1,1_1,3,,12/30/99 9:30 PM,Romania Cupa Lig
,G Rangers Youth,1.29,5.09,7.97,4_0,4_0,1,,12/30/99 9:30 PM,Scotland Challenge Cup
,Basel,1.79,3.85,4.12,0_0,3_0,1,,12/30/99 9:30 PM,Switzerland
,Fleetwood Town,3.18,3.23,2.19,2_2,2_2,3,,12/30/99 9:45 PM,England League Cup
,Luton Town,4,3.38,1.87,1_1,3_1,1,,12/30/99 9:45 PM,England League Cup
,QPR,1.57,3.86,5.48,2_2,2_2,3,,12/30/99 9:45 PM,England League Cup
,Cagliari,2.84,3.25,2.27,1_1,1_1,3,,12/30/99 9:45 PM,Int Club Friendly
,Bradford,1.81,3.36,3.99,2_2,4_4,3,,12/30/99 9:45 PM,England National League North
,Whitehawk,1.9,3.42,3.27,1_0,1_0,1,1 Away Red,12/30/99 9:45 PM,England National League South
,Portadown,2.21,3.34,2.88,1_0,2_1,1,,12/30/99 9:45 PM,Northen Ireland Premiership
,Dungannon Swifts,2.06,3.39,3.14,0_2,1_2,2,1 Away Red,12/30/99 9:45 PM,Northen Ireland Premiership
,Carrick Rangers,5.94,4.65,1.4,0_2,1_4,2,1 Home Red Card,12/30/99 9:45 PM,Northen Ireland Premiership
,LINFIELD,1.44,4.22,5.92,0_0,1_1,3,Away Red,12/30/99 9:45 PM,Northen Ireland Premiership
,Cliftown,1.95,3.49,3.33,1_0,2_0,1,,12/30/99 9:45 PM,Northen Ireland Premiership
,Ballymena,3.77,3.87,1.73,2_0,3_3,3,,12/30/99 9:45 PM,Northen Ireland Premiership
,AYR United,6.69,4.32,1.39,1_2,1_2,2,,12/30/99 9:45 PM,Scotland League Cup
,St Johnstone,2.51,3.13,2.62,1_2,3_2,1,,12/30/99 9:45 PM,Scotland League Cup
,Celtic,1.22,5.69,9.56,2_0,5_0,1,,12/30/99 9:45 PM,Scotland League Cup
,Italy U21,1.11,6.7,19.31,0_0,0_0,3,,12/30/99 10:00 PM,Int U21 Firendly
,South Korea,2.42,3.35,2.58,0_0,1_0,1,,12/30/99 10:00 PM,Olympic Competition
,Germany,1.03,11.74,22.45,6_0,10_0,1,,12/30/99 10:00 PM,Olympic Competition
,Siroki Brijeg,2.42,3.04,2.79,0_1,1_1,3,,12/30/99 10:00 PM,Bosnia & Herzegovina Premijer
,Hapoel Beer Sheva,2.1,3.13,3.28,0_2,4_2,1,,12/30/99 8:45 PM,Isreal Super Cup
,Stomil Olsztyn,2.52,3.04,2.68,0_0,0_0,3,,12/30/99 8:45 PM,Poland Puchar Polski
,Thun,2.78,3.52,2.4,1_1,2_1,1,,12/30/99 8:45 PM,Switzerland Super League
,Lausanne,2.07,3.66,3.29,0_0,1_0,1,,12/30/99 8:45 PM,Switzerland Super League
,Will 1900,2.53,3.31,2.48,0_0,0_0,3,,12/30/99 8:45 PM,Switzerland Challenge League
,Servette Geneva,2.25,3.33,2.81,0_0,0_2,2,,12/30/99 8:45 PM,Switzerland Challenge League
,SC Kufu 98,2.42,3.35,2.58,3_0,5_0,1,,12/30/99 6:30 PM,"Finland Kakkonen, ITA"
,TPV Tampere,1.59,3.9,4.67,0_0,4_1,1,,12/30/99 6:30 PM,"Finland Kakkonen, Lansi"
,Vejle BK,2.41,3.29,2.62,0_1,2_2,3,,12/30/99 7:00 PM,Denmark 1st Division
,Sanat Naft,2.93,2.83,2.47,0_0,1_0,1,,12/30/99 7:00 PM,Iran Pro League
,Persepolis,1.4,3.89,7.78,1_0,1_0,1,,12/30/99 7:00 PM,Iran Pro League
,Middelfart,18.78,7.2,1.1,0_,0_1,2,,12/30/99 7:30 PM,Denmark DBU Pokalen
,Zalgiris,1.09,7.73,18.04,2_0,3_1,1,,12/30/99 7:30 PM,Lithuania A LIGA
,Genclerbirligi,1.99,3.42,3.27,1_0,2_1,1,,12/30/99 8:00 PM,Int Club Friendly
,Real Murcia,1.55,3.71,5.42,3_1,4_1,1,,12/30/99 8:00 PM,Int Club Friendly
,Omonia Nicosia,2.63,3.09,2.53,1_0,3_0,1,,12/30/99 8:00 PM,Int Club Friendly
,Italy U19,1.81,3.61,3.71,0_0,0_1,2,,12/30/99 8:00 PM,Int Club Friendly U19
,Sv Scholz Grodig,1.23,5.88,8.69,1_0,2_0,1,,12/30/99 8:00 PM,Austria Amateur Reginoalliga west
,Viking,4.73,4.03,1.67,0_0,0_2,2,,12/30/99 8:00 PM,Norway Elitserien
,Varbergs Bois,1.71,3.47,4.82,0_1,0_2,2,,12/30/99 8:00 PM,Sweden Superettan
,Al Raed Club,3.83,3.58,1.79,0_0,2_3,2,,12/30/99 9:05 PM,Saudi Arabia Professional League
,Haukar,2.01,3.51,3.15,3_1,3_2,1,,12/30/99 9:15 PM,Iceland 1 Deild
,Brunei DPMM,1.44,4.53,5.4,1_0,3_0,1,,8/19/16 3:00 PM,
,FC Hlucin U19,2.36,3.59,2.51,1_1,3_2,1,,8/19/16 3:00 PM,
,Balestier Khalsa,7.4,4.74,1.33,0_1,0_1,1,,8/19/16 2:45 PM,
,Forli,2.62,3.29,2.41,0_2,0_2,2,,8/17/16 7:00 PM,"Copa Italia Pro, Girone H"
,Beitar Jerusalem,3.94,3.09,2.07,1_2,1_2,2,,8/17/16 7:00 PM,UEFA EUROPA League Q
,Brazil,1.25,4.73,11.04,3_0,6_0,1,,8/17/16 7:00 PM,Olympic Competition
,MPS,2.92,3.69,2.05,1_0,4_0,1,,8/17/16 7:00 PM,"Finland Kakkonen, ITA"
,Arminia,4.34,3.88,1.63,0_0,0_1,2,,8/17/16 7:00 PM,Germany Amateur A-JUN-BL West
,Viktoria Koln U19,2.47,3.55,2.42,1_0,3_1,1,,8/17/16 7:00 PM,Germany Amateur A-JUN-BL West
,Shackle U19,1.3,5.46,6.76,1_0,1_0,1,,8/17/16 7:00 PM,Germany Amateur A-JUN-BL West
,Borrusia Dortmund,1.11,7.72,14.15,0_0,3_0,1,,8/17/16 7:00 PM,Germany Amateur A-JUN-BL West
,RW Essen U19,4.65,3.83,1.6,0_0,0_1,2,,8/17/16 7:00 PM,Germany Amateur A-JUN-BL West
,Stuttgart U19,1.81,3.82,3.51,2_3,2_3,2,,8/17/16 7:00 PM,Germany Amateur A-JUN-BL S/S-W
,Bayern Munich U19,1.43,4.69,5.36,0_0,2_0,1,,8/17/16 7:00 PM,Germany Amateur A-JUN-BL S/S-W
,Hoffenheim U19,1.6,4.08,4.34,1_0,2_0,1,,8/17/16 7:00 PM,Germany Amateur A-JUN-BL S/S-W
,Greuther Furth U19,1.79,3.74,3.64,1_0,2_2,3,,8/17/16 7:00 PM,Germany Amateur A-JUN-BL S/S-W
,Hamburger U19,4.16,3.87,1.54,0_1,1_1,3,,8/17/16 7:00 PM,Germany Amateur A-JUN-BL N/N-E
,Hannover U19,1.53,3.76,4.31,3_0,5_0,1,,8/17/16 7:00 PM,Germany Amateur A-JUN-BL N/N-E
,Derbeceni VSC,1.8,3.3,4.12,0_0,0_1,2,,8/17/16 7:00 PM,Hungary NB I
,Zenit - 2 SP,2.1,3.18,3.23,1_1,2_1,1,,8/17/16 7:00 PM,Russian 1st Division
,Shinnik Yaroslavl,1.95,3.03,3.9,1_0,2_1,1,,8/17/16 7:00 PM,Russian 1st Division
,Kuban Krasnodar,1.59,3.53,5.37,1_1,1_1,3,,8/17/16 7:00 PM,Russian 1st Division
,Sokol Saratov,2.48,2.9,2.84,1_1,2_3,2,,8/17/16 7:00 PM,Russian 1st Division
,Fakel,1.74,3.28,4.51,0_0,2_0,1,,8/17/16 7:00 PM,Russian 1st Division
,Dinamo Moscow,1.71,5.63,15.35,0_0,3_2,1,,8/17/16 7:00 PM,Russian 1st Division
,Velke Mezirici,3.22,3.48,1.99,2_0,2_1,1,,8/17/16 6:00 PM,Czech Republic CUP
,All stars FC,1.54,3.39,6.42,0_0,1_1,3,,8/17/16 6:00 PM,Ghana Premeir League
,Techiman,1.43,3.74,7.42,0_1,1_2,2,,8/17/16 6:00 PM,Ghana Premeir League
,Berekum Chelsea,1.38,4.14,7.42,0_0,1_0,1,,8/17/16 6:00 PM,Ghana Premeir League
,Inter Allies,1.43,3.72,7.65,1_1,2_2,3,,8/17/16 6:00 PM,Ghana Premeir League
,Ashanti Gold,1.48,3.67,6.63,1_0,2_0,1,,8/17/16 6:00 PM,Ghana Premeir League
,Bechem UTD,1.84,3.12,4.24,1_0,2_0,1,,8/17/16 6:00 PM,Ghana Premeir League
,Trakai,3.45,3.5,1.91,0_1,1_2,2,Away Red,8/17/16 6:00 PM,Lithuania A LIGA
,FK Novaci,1.39,4.02,7.48,1_1,2_1,1,Away Red,8/17/16 6:00 PM,Macedonia Cup
,FK Gorno,4.95,3.66,1.6,0_2,1_3,2,,8/17/16 6:00 PM,Macedonia Cup
,Neftekhimik,2.84,2.99,2.42,0_0,1_0,1,,8/17/16 6:00 PM,Russian 1st Division
,Arina,9.54,5,1.26,0_0,0_3,2,,8/17/16 5:45 PM,"Norway Toppserien, Women"
,St Pauli U19,4,4.05,1.53,1_1,1_2,2,,8/17/16 5:00 PM,Germany Amateur A-JUN-BL N/N-E
,MK Smarje,6.64,5.1,1.33,0_3,1_5,2,,8/17/16 5:00 PM,Slovenia Cup
,Turnisce,4.05,3.59,1.74,1_0,1_0,1,,8/17/16 5:00 PM,Slovenia Cup
,NK DOB,1.95,3.54,3.28,1_0,1_0,1,,8/17/16 5:00 PM,Slovenia Cup
,NK Jardan,1.79,3.64,3.74,1_0,3_0,1,,8/17/16 5:00 PM,Slovenia Cup
,NK Dravograd,8.56,5.19,1.27,0_2,3_4,2,,8/17/16 5:00 PM,Slovenia Cup
,Nk Ziri,15.14,8.72,1.09,0_4,0_5,2,,8/17/16 5:00 PM,Slovenia Cup
,SD Bogojina,4.06,4.06,1.65,0_4,3_5,2,,8/17/16 5:00 PM,Slovenia Cup
,NK Postojna,6.71,4.85,1.34,0_3,0_8,2,,8/17/16 5:00 PM,Slovenia Cup
,KRKA,1.76,3.72,3.82,1_0,3_0,1,,8/17/16 5:00 PM,Slovenia Cup
,FC Lenart,9.27,5.92,1.21,0_1,0_4,2,,8/17/16 5:00 PM,Slovenia Cup
,ND Beltinci,6.44,4.43,1.39,0_1,0_2,2,,8/17/16 5:00 PM,Slovenia Cup
,Freiburg U19,1.81,3.77,3.56,1_0,3_2,1,,8/17/16 4:00 PM,Germany Amateur A-JUN-BL S/S-W
,FK Tyumen,3.28,3.02,2.15,0_2,1_2,2,,8/17/16 4:00 PM,Russian 1st Division
,Yenisey KR,2.45,2.97,2.81,0_1,0_4,2,,8/17/16 4:00 PM,Russian 1st Division
,Barnet,2.51,3.07,2.66,0_1,1_1,3,,8/16/16 10:00 PM,England League Two
,Pribramu U19,1.35,4.95,6.25,2_0,4_0,1,,8/19/16 4:00 PM,Czech Republic U19 1st Division
,Dinamo Kiev Youth,1.08,7.98,20.08,3_0,5_0,1,Away Red,8/19/16 4:00 PM,Ukraine U21 League
,Qizliqum,1.29,4.86,8.27,2_0,4_1,1,Home Red,8/18/16 5:30 PM,Uzbekistan
,Skive Jk,3.65,3.34,1.9,1_3,1_4,2,,8/18/16 7:00 PM,Denmark 1st Division
,Dinamo Tbilisi ,3.63,3.15,2.14,0_1,0_3,2,,8/18/16 7:00 PM,UEFA EUROPA League Q
,Persela Lamongan,2.88,3.34,2.21,0_1,0_1,2,,8/19/16 5:00 PM,Indonesia Super League
,Adanaspor U21,4.92,4.35,1.5,0_0,1_0,1,Away Red,8/19/16 5:00 PM,Turkey Amateur U21 Super Lig
,Denizlispor,1.47,3.82,4.84,0_0,2_3,2,,8/19/16 5:00 PM,Turkey Amateur U21 Super Lig
,Bunyodkor,1.2,5.6,11.2,2_1,2_1,1,,8/19/16 5:00 PM,Ubzekistan
,Rostov Youth,2.16,3.5,2.83,1_0,2_2,3,,8/19/16 5:30 PM,Russia Youth League
,UF Youth,4.81,4.04,1.55,0_1,0_3,2,,8/19/16 5:30 PM,Russia Youth League
,Loko Kosice,1.75,3.55,4.06,0_0,0_0,3,,8/19/16 5:30 PM,Slovakia 2. Liga Group East
,Zira,1.59,3.43,5.63,2_0,3_1,1,,8/19/16 6:00 PM,Azerbaijan Premeir League
,Slavia Mozyr,2.4,3.06,2.81,0_0,1_0,1,,8/19/16 6:00 PM,Belarus Vysshaya League
,Usti Nad Labem,3.2,3.3,2.06,0_3,0_2,2,Home Red,8/19/16 6:00 PM,Czech FNL
,Olimpia Statu,1.86,2.93,2.02,0_0,1_1,3,Home Red,8/19/16 6:00 PM,Romania Liga II
,Illichivec Mariupol,1.39,4.16,7.19,1_0,3_1,1,,8/19/16 6:00 PM,Ukraine Persha Liga
,Naftovyk,2.1,3.08,3.34,1_1,3_1,1,,8/19/16 6:00 PM,Ukraine Persha Liga
,FC Ternopil,7.25,4.04,1.4,0_1,0_2,2,,8/19/16 6:00 PM,Ukraine Persha Liga
,Bukovina Chernovtsy,4.21,3.3,1.8,0_1,0_1,2,,8/19/16 6:00 PM,Ukraine Persha Liga
,Cherkaskyi Dnipro,1.47,3.65,6.85,1_0,2_2,3,,8/19/16 6:00 PM,Ukraine Persha Liga
,Nasaf Qarshi,1.84,3.37,3.87,0_1,2_1,2,Away Red,8/19/16 6:00 PM,Ukraine Persha Liga
,Manchester United,1.58,3.91,5.81,1_0,2_0,1,,8/19/16 10:00 PM,English Premier League
,Fjardabyggd,3.28,3.39,2,0_0,0_0,3,,8/19/16 10:00 PM,Iceland 1 Deild
,Wexford Youth,6.75,4.2,1.4,1_0,2_1,1,,8/19/16 10:00 PM,Ireland Fai Cup
,Deportivo LC,1.98,3.22,4.08,0_0,2_1,1,,8/19/16 11:00 PM,Spain Primera Divison
,Almeria,2.04,3.13,3.71,0_0,1_1,3,,8/19/16 11:00 PM,Spain Secunda Division
,Neman Grodno,2.92,3.08,2.31,0_2,0_4,2,,8/19/16 6:30 PM,Belarus Vysshaya League
,HNK Gorica,1.65,3.56,4.69,0_2,2_2,2,,8/19/16 6:30 PM,Croatia 2. HNL
,ESPA,3.02,3.74,2,1_1,1_2,2,,8/19/16 6:30 PM,Finland Kakken Lansi
,Rigas Futbola Skola,3.22,3.22,2.09,0_1,1_1,3,,8/19/16 6:30 PM,Latvia - Virsliga
,Brazil Women,1.68,3.37,4.79,0_1,1_2,2,,8/19/16 7:00 PM,Olympic Competition 3rd Place
,Fc Stadlau,1.94,3.52,3.32,1_0,3_0,1,,8/19/16 7:00 PM,Austria Amateur Reginalliga East 
,Loko Gorna Ory,2.45,2.97,2.81,0_0,0_2,2,,8/19/16 7:00 PM,Bulgaria A PFG
,Nordsjalland,3.53,3.37,2.08,0_1,1_1,3,,8/19/16 7:00 PM,Denmark Superligaen
,Odder IGF,3.3,3.66,1.91,1_0,1_1,3,,8/19/16 7:00 PM,Denmark 2nd Div Pulje 3
,Infonet,1.23,5.63,9.22,0_0,1_0,1,,8/19/16 7:00 PM,Estonia Premium Liiga
,Trans Narva,1.3,5.15,7.29,1_1,3_1,1,Home Red,8/19/16 7:00 PM,Estonia Premium Liiga
,Sillamae Kalev,6.12,4.23,1.43,1_4,1_4,2,Home Red,8/19/16 7:00 PM,Estonia Premium Liiga
,Atlantis,10.56,6.18,1.19,0_3,0_6,2,,8/19/16 7:00 PM,Finland Kakkonen Lansi
,FS Metta/LU,6.19,4.07,1.44,0_2,1_3,2,,8/19/16 7:00 PM,Latvia - Virsliga
,Slask Wroclaw,2.2,3.07,3.12,0_0,0_0,3,,8/19/16 7:00 PM,Poland Estraklasa
,Zenit Youth,3.5,3.65,1.85,0_1,0_2,2,,8/19/16 7:00 PM,Russia Youth League
,Obolon ,1.54,3.65,5.65,1_2,3_2,1,,8/19/16 7:00 PM,Ukraine Persha Liga
,Ipswich ,3.23,3.08,2.24,1_1,1_1,3,,8/21/16 2:00 PM,Egland Championship
,CD Munsejero,2.52,2.98,2.72,0_0,1_1,3,,8/21/16 2:00 PM,Spain Secunda B Group II
,Tusker FC,1.85,3.2,4.2,0_0,1_0,1,Home Red,8/21/16 2:00 PM,Kenya Sportpesa Premier League
,Dalian Aerbing,1.6,3.82,4.7,1_1,4_3,1,Away Red,8/21/16 2:00 PM,China First
,Silkerborg,3.31,3.31,2.19,0_2,1_5,2,,8/21/16 2:00 PM,Denmark Superligaen
,BK Avarta,1.91,3.35,3.61,0_0,1_1,3,,8/21/16 2:00 PM,Denmark 2nd Div Pulje I
,Holbaek,2.1,3.58,2.91,0_1,1_2,2,,8/21/16 2:00 PM,Denmark 2nd Div Pulje I
,Ik Skovbakken W,2.84,3.26,1.82,1_0,1_0,1,,8/21/16 2:00 PM,Denmark Elitedvisionen Women
,Nurnberg U19,1.59,4.16,4.32,0_1,0_1,2,,8/21/16 2:00 PM,Germany Amateur A JUN-BL S/S W
,Werder U19,2.22,3.6,2.37,0_1,0_2,2,,8/21/16 2:00 PM,Germany Amateur A JUN-BL N/N E
,Zhetysu,2.89,2.94,2.42,0_0,2_0,1,,8/21/16 2:00 PM,Kazakhstan Premier League Relegations Pool
,FC Gute,1.22,5.7,9.33,3_0,6_1,1,,8/21/16 2:00 PM,Sweden Divison 2 Norra Svealand
,,,,,,,,,,
,Mathare United,1.8,3.2,4.5,2_1,3_1,1,,8/20/16 3:00 PM,Kenya Sportpesa Premier League
,Chemelil,2.3,3.2,2.9,1_0,1_0,1,,8/20/16 3:00 PM,Kenya Sportpesa Premier League
,Bk Manrienlyst,1.63,3.82,4.44,1_1,1_1,3,,8/20/16 3:00 PM,Denmark 2nd Div Pulje II
,AC Oulu,1.49,4.07,5.41,1_0,3_0,1,,8/20/16 3:00 PM,Finland Ykkonen
,Musa Pori,1.75,3.66,3.91,1_0,2_0,1,,8/20/16 3:00 PM,Finland Kakkonen Pohjoinen
,Sudet,2.21,3.75,2.62,3_2,4_2,1,,8/20/16 3:00 PM,Finland Kakkonen ITA
,FC kontu,3.68,3.73,1.79,1_0,1_0,1,,8/20/16 3:00 PM,Finland Kakkonen Lansi
,Wiedenbruck,3.02,3.28,2.15,0_0,0_0,3,,8/20/16 3:00 PM,Germany Amateur Regionalliga West
,TSG Sprockhovel,9.29,5.06,1.26,0_3,0_4,2,,8/20/16 3:00 PM,Germany Amateur Regionalliga West
,Wuppertal,1.75,3.66,3.91,1_0,4_0,1,,8/20/16 3:00 PM,Germany Amateur Regionalliga West
,Oberhausen ,1.89,3.33,3.69,0_0,1_1,3,,8/20/16 3:00 PM,Germany Amateur Rwgionalliga West
,Bonner,2.78,3.24,2.32,1_0,1_0,1,,8/20/16 3:00 PM,Germany Amateur REgionalliga West
,Borrussia M'Gladbach,1.43,4.34,5.87,0_1,1_1,3,,8/20/16 3:00 PM,Germany Amateur Regionalliga West
,Koblenz,2.15,3.17,3.12,0_0,1_0,1,,8/20/16 3:00 PM,Germany Amateur Regionalliga SouthWest
,Elversberg,1.95,3.38,3.43,0_0,1_0,1,,8/20/16 3:00 PM,Germany Amateur Regionalliga SouthWest
,Augsburg,1.74,3.75,3.85,0_0,1_1,3,Home Red,8/20/16 3:00 PM,Germany Amateur Regionalliga Bavaria
,Nurnberg II,2.25,3.22,2.91,0_0,1_2,2,,8/20/16 3:00 PM,Germany Amateur Regionalliga Bavaria
,Bayreuth,3.79,3.59,1.79,1_0,1_3,2,,8/20/16 3:00 PM,Germany Amateur Regionalliga Bavaria
,Schweinfurt,1.5,3.92,5.67,0_0,2_0,1,,8/20/16 3:00 PM,Germany Amateur Regionalliga Bavaria
,RB Leipzig U19,1.39,4.47,4.82,2_0,4_1,1,,8/20/16 3:00 PM,Germany Amateur A JUN-BL N/N E
,Sk Lisen,1.84,3.53,3.64,0_1,0_3,2,,8/20/16 5:30 PM,Czech Republic MSFL
,Blansko,2.88,3.6,2.11,0_1,0_1,2,,8/20/16 5:30 PM,Czech Republic MSFL
,Vyskov,1.68,3.72,4.23,1_0,2_0,1,,8/20/16 5:30 PM,Czech Republic MSFL
,Hlucin,1.35,5.2,5.98,0_0,0_0,3,,8/20/16 5:30 PM,Czech Republic MSFL
,Sk Spartak Hulin,1.43,4.49,5.62,0_0,0_1,2,,8/20/16 5:30 PM,Czech Republic MSFL
,Odense Q W,10.74,5.37,1.07,,0_2,2,,8/20/16 5:30 PM,Denmark Elitedvisionen Women
,Uraedd W,17.45,12.83,1.04,0_1,0_5,2,,8/20/16 5:30 PM,"Norway Toppserien, Women"
,Svaty Jur,2.91,3.73,2.05,0_0,0_0,3,,8/20/16 5:30 PM,Slovakia 2 Liga Group West
,FC Stk 1914 Samorin,1.55,4.23,4.59,2_0,4_1,1,,8/20/16 5:30 PM,Slovakia 2 Liga Group West
,Partizan Bardejov,1.22,6.38,7.91,1_0,2_0,1,Away Red,8/20/16 5:30 PM,Slovakia 2 Liga Group East
,Lokomotiva Zvolen,1.35,4.84,6.5,3_0,4_1,1,,8/20/16 5:30 PM,Slovakia 2 Liga Group East
,Mykolaiv,2.25,3.02,3.07,0_0,2_1,1,,8/20/16 5:30 PM,Ukraine Persha Liga
,Heracles,4.14,3.77,1.81,0_1,0_1,2,,8/21/16 5:45 PM,Netherlands Eredivisie
,Cardoba,2.19,2.97,3.49,1_0,1_0,1,,8/20/16 10:00 PM,Spain Secunda Division
,San Fernando,2.15,3.02,3.28,0_0,0_2,2,,8/20/16 10:00 PM,Spain Segunda B group IV
,FC Cartegena,1.74,3.28,4.51,0_0,2_0,1,,8/20/16 10:00 PM,Spain Segunda B group IV
,Zeljeznicar,2.42,3.14,2.72,0_0,0_1,2,Home Red,8/20/16 10:00 PM,Bosnia & Herzegovina Premijer
,CRB Al,1.7,3.4,4.59,0_0,0_1,2,Home Red,8/20/16 10:00 PM,Brazil Serie B
,Nautico PE,1.81,3.36,3.99,0_1,0_1,2,,8/20/16 10:00 PM,Brazil Serie B
,River Pl,3.39,2.93,2.16,2_1,2_2,3,Home Red,8/20/16 10:00 PM,Brazil Serie C Gr A
,Union La Calera,2.57,3.19,2.52,1_0,2_0,1,,8/20/16 10:00 PM,"Chile Primera b, Apertura"
,Nk Slaven Belupo,2.27,2.99,3.09,1_0,2_3,2,,8/20/16 10:00 PM,Croatia 1. HNL
,Fernando Mora,2.22,2.94,3.25,1_0,2_0,1,Away Red,8/20/16 10:00 PM,Paraguay Segunda Division
,Aragua,1.39,3.97,7.73,0_1,1_1,3,,8/20/16 10:00 PM,Venzuela Primera Division Clausura
,,,,,,,,,,
,,,,,,,,,,
,,,,,,,,,,
,,,,,,,,,,
,Canberra Olympic,1.49,4.76,4.61,1_1,3_1,1,,8/20/16 8:00 AM,Australia NPL Capital Football
,Mallorca B,2.79,3.04,2.42,0_1,0_1,2,,8/21/16 12:00 PM,Spain Segunda B group III
,San Sebastian Reyes,2.41,2.97,2.87,1_0,2_1,1,,8/21/16 1:00 PM,Spain Segunda B group II
,Machida Zelvia,1.94,3.16,3.73,0_0,0_0,3,,8/21/16 1:00 PM,Japan J.League 2
,Kyoto sanga,2.72,2.92,2.56,0_0,0_0,3,,8/21/16 1:00 PM,Japan J.League 2
,Renofa,2.83,3.19,2.31,0_0,0_0,3,,8/21/16 1:00 PM,Japan J.League 2
,Roasso Kumamoto,2.21,2.99,3.19,0_4,1_6,2,,8/21/16 1:00 PM,Japan J.League 2
,Sibir Novosibirsk,2.52,2.98,2.72,1_1,1_1,3,,8/21/16 1:00 PM,Russia 1 St Division
,Spartak M Youth,1.34,4.85,6.71,1_0,2_0,1,Away Red,8/21/16 1:00 PM,Russia Youth League
,Gwangju,1.95,3.28,3.54,0_0,0_0,3,,8/21/16 1:00 PM,South Korea K-League Classic
,Daegu,2.32,3.1,2.89,0_0,0_1,2,,8/21/16 1:00 PM,South Korea K-League Challenge
,,,,,,,,,,
,,,,,,,,,,
,,,,,,,,,,
,,,,,,,,,,
,,,,,,,,,,
,,,,,,,,,,
,,,,,,,,,,
,,,,,,,,,,
,,,,,,,,,,
,,,,,,,,,,
,,,,,,,,,,
,,,,,,,,,,
,,,,,,,,,,
,,,,,,,,,,
,,,,,,,,,,
,,,,,,,,,,
,,,,,,,,,,
,,,,,,,,,,
,,,,,,,,,,
,,,,,,,,,,
,,,,,,,,,,
,,,,,,,,,,
,,,,,,,,,,
,,,,,,,,,,
,,,,,,,,,,
,,,,,,,,,,
,,,,,,,,,,
,,,,,,,,,,
,,,,,,,,,,
,,,,,,,,,,
,,,,,,,,,,
,,,,,,,,,,
,,,,,,,,,,
,,,,,,,,,,
,,,,,,,,,,
,,,,,,,,,,
,,,,,,,,,,
,,,,,,,,,,
,,,,,,,,,,
,,,,,,,,,,
,Sunderland,2.66,3.03,2.82,0_2,1_2,2,,8/21/16 3:30 PM,England Premier League
,,,,,,,,,,
,,,,,,,,,,
,,,,,,,,,,
,,,,,,,,,,
,,,,,,,,,,
,,,,,,,,,,
,,,,,,,,,,
,,,,,,,,,,
,,,,,,,,,,
,,,,,,,,,,
,,,,,,,,,,
,,,,,,,,,,
,,,,,,,,,,
,,,,,,,,,,
,,,,,,,,,,
,,,,,,,,,,
,,,,,,,,,,
,,,,,,,,,,
,,,,,,,,,,
,,,,,,,,,,
,,,,,,,,,,
,,,,,,,,,,
,,,,,,,,,,
,,,,,,,,,,
,,,,,,,,,,
,,,,,,,,,,
,,,,,,,,,,
,,,,,,,,,,
,,,,,,,,,,
,,,,,,,,,,
,,,,,,,,,,
,,,,,,,,,,
,,,,,,,,,,
,,,,,,,,,,
,,,,,,,,,,
,,,,,,,,,,
,,,,,,,,,,
,,,,,,,,,,
,,,,,,,,,,
,,,,,,,,,,
,,,,,,,,,,
,,,,,,,,,,
,,,,,,,,,,
,,,,,,,,,,
,,,,,,,,,,
,,,,,,,,,,
,,,,,,,,,,
,,,,,,,,,,
,,,,,,,,,,
,,,,,,,,,,
,,,,,,,,,,
,,,,,,,,,,
,FC Cartagena,2.06,3.36,3.15,0_0,2_0,1,,12/30/99 8:00 PM,Int Club Friendly
,Atromitos Athens,2.55,3.16,2.55,0_2,1_2,2,,12/30/99 9:00 PM,Int Club Friendly
,Esteghlal,2.16,2.88,3.45,1_1,2_2,3,,12/30/99 7:00 PM,Iran Pro League
